name,season
Lynn Williams,2016
Kealia Ohai,2016
Jessica McDonald,2016
Nadia Nadim,2016
Shea Groom,2016
Christen Press,2016
Manon Melis,2016
Sofia Huerta,2016
Kim Little,2016
Christine Sinclair,2016
Allie Long,2016
Kristen Edmonds,2016
Carli Lloyd,2016
Lianne Sanderson,2016
Samantha Mewis,2016
Dagný Brynjarsdóttir,2016
Lindsey Horan,2016
Estefanía Banini,2016
Sam Kerr,2016
Alex Morgan,2016
Jasmyne Spencer,2016
Katie Stengel,2016
Diana Matheson,2016
Rachel Daly,2016
Joanna Lohman,2016
Natasha Kai,2016
Nahomi Kawasumi,2016
Natasha Dowie,2016
Christine Nairn,2016
Cheyna Williams,2016
Janine Beckie,2016
Sarah Killion,2016
Makenzy Doniak,2016
Yael Averbuch,2016
Maya Hayes,2016
Leah Galton,2016
Beverly Yanez,2016
Stephanie McCaffrey,2016
Abby Dahlkemper,2016
Taylor Smith,2016
Julie King,2016
Crystal Dunn,2016
Tiffany McCarty,2016
Francisca Ordega,2016
Abby Erceg,2016
Frances Silva,2016
Casey Short,2016
Jennifer Hoy,2016
Denise O'Sullivan,2016
Sarah Hagen,2016
Angela Salem,2016
Jessica Fishlock,2016
Taylor Comeau,2016
Kristie Mewis,2016
Merritt Mathias,2016
Elise Krieghoff,2016
Megan Rapinoe,2016
Havana Solaun,2016
Rumi Utsugi,2016
Keelin Winters,2016
Rachel Corsie,2016
Kelly Conheeney,2016
Lauren Barnes,2016
Kathryn Williamson,2016
Whitney Engen,2016
Mollie Pathman,2016
Meg Morris,2016
Taylor Lytle,2016
Kelley O'Hara,2016
Raquel Rodriguez,2016
Erica Skroski,2016
Kendall Lorraine Fletcher,2016
Tobin Heath,2016
Tori Huster,2016
Alyssa Kleiner,2016
Ali Krieger,2016
Louise Schillgard,2016
Steph Catley,2016
Erika Tymrak,2016
Becky Sauerbrunn,2016
Heather O'Reilly,2016
Katie Schoepfer,2016
Chioma Ubogagu,2016
Kyah Simon,2016
Andressinha Andressinha,2016
Michaela Hahn,2016
Jaelene Hinkle,2016
Amber Brooks,2016
Poliana Poliana,2016
Cara Walls,2016
Christen Westphal,2016
Sam Witteman,2016
Desiree Scott,2016
Brooke Elby,2016
Brittany Taylor,2016
Samantha Johnson,2016
Tiffany Weimer,2016
Laura Alleway,2016
Christina Burkenroad,2016
Josee Belanger,2016
Julie Ertz,2016
Lisa De Vanna,2016
Mary Luba,2016
Becky Edwards,2016
Maddy Evans,2016
Jamia Fields,2016
Leah Lynn Gabriela Fortune,2016
Alyssa Mautz,2016
Monica Monica,2016
Kaylyn Kyle,2016
Sierra Lelii,2016
Camille Levin,2016
Toni Pressley,2016
Kim Reynolds,2016
Dani Weatherholt,2016
Allie Wisner,2016
Kathleen Naughton,2016
McKenzie Berryhill,2016
Celeste Boureille,2016
Eunice Beckmann,2016
Maureen Fitzgerald,2016
Courtney Raetzman,2016
Amandine Henry,2016
Rebekah Roller,2016
Kendall Johnson,2016
Meghan Klingenberg,2016
Samantha Lofton,2016
Morgan Marlborough,2016
Emily Menges,2016
Shade Pratt,2016
Hayley Raso,2016
Katherine Reynolds,2016
Meleana Shim,2016
Mónica Rose Alvarado Rodriguez,2016
Jennifer Skogerboe,2016
Emily Sonnett,2016
Mallory Weber,2016
Kylie Strom,2016
Morgan Brian,2016
Michelle Cruz,2016
Kiersten Dallstream,2016
Lindsay Elston,2016
Bianca Brinson,2016
Stephanie Verdoia,2016
Ellie Brush,2016
Kassey Kallman,2016
Allysha Chapman,2016
Paige Nielsen,2016
Carson Pickett,2016
Megan Crosson,2016
Elli Reed,2016
Rachel Wood,2016
Tessa Florio-Gavilsky,2016
Anna María Gilbertson Rojas,2016
Caity Heap,2016
Melissa Henderson,2016
Kim DeCesare,2016
Theresa Diederich,2016
Courtney Kathryn 'Coco' Goodson,2016
Shawna Gordon,2016
Kristin Grubka,2016
Danielle Colaprico,2016
Rebecca Moros,2016
Ghoutia Karchouni,2016
Stephanie Ochs,2016
Amanda DaCosta,2016
Ashley Nick,2016
Cami Privett,2016
Christie Pearce,2016
Dominique Richardson,2016
Cari Roccaro,2016
Danielle Schulmann,2016
Erin Simon,2016
Nikki Stanton,2016
Chestley Strother,2016
Whitney Church,2016
Caprice Dydasco,2016
Cali Farquharson,2016
Caroline Van Slambrouck,2016
Estelle Johnson,2016
Alex Arlitt,2016
Vanessa DiBernardo,2016
Katie Bowen,2016
Alli Murphy,2016
Jen Buczkowski,2016
Amanda Frisbie,2016
Megan Oyster,2016
Haley Rosen,2016
Line Sigvardsen Jensen,2016
Janelle Kalyn Flaws,2016
Shelina Zadorsky,2016
Lady Patricia Andrade Rodríguez,2016
Halimatu Ibrahim Ayinde,2016
Janice Cayman,2016
Caroline Kastor,2016
Lo’eau LaBonta,2016
Elizabeth Eddy,2016
Mandy Laddish,2016
Arin Gilliland,2016
Kristen Hamilton,2016
Molly Menchel,2016
Ga-Eul Jeon,2016
Alanna Kennedy,2016
Adriana Leon,2016
Laura Liedle,2016
Alexa Newfield,2016
Sarah Gorden,2016
Courtney Niemiec,2016
Brianne Reed,2016
Meredith Speck,2016
Brittany Ratcliffe,2016
McCall Zerboni,2016
Nicole Barnhart,2016
Kelsey Wys,2016
Lydia Williams,2016
Ashlyn Harris,2016
Michelle Betos,2016
Elizabeth Stout,2016
Jami Kranich,2016
Caroline Stanley,2016
Haley Kopmeyer,2016
Alyssa Naeher,2016
Sabrina D’Angelo,2016
Caroline Casey,2016
Hope Solo,2016
Stephanie Labbe,2016
Michele Dalton,2016
Britt Eckerstrom,2016
Kaitlyn Savage,2016
Adrianna Franch,2016
Katelyn Rowland,2016
Bianca Henninger,2016
Andi Tostanoski,2016
Abby Smith,2016
Aubrey Bledsoe,2016
Brianna Smallidge,2016
Haley Carter,2016
Kate Scheele,2016
Catherine Parkhill,2016
Megan Dorsey,2016
Emily Kruger,2016
Abigail Steele,2016
Jillian Ann Loyden,2016
Erin Nayler,2016
DiDi Haracic,2016
Sam Kerr,2017
Marta Marta,2017
Megan Rapinoe,2017
Christen Press,2017
Lynn Williams,2017
Alex Morgan,2017
Christine Sinclair,2017
Jessica Fishlock,2017
Natasha Dowie,2017
Ashley Hatch,2017
Mallory Pugh,2017
Hayley Raso,2017
Nadia Nadim,2017
Nahomi Kawasumi,2017
Sofia Huerta,2017
Sydney Leroux,2017
Adriana Leon,2017
Samantha Mewis,2017
Shea Groom,2017
Maegan Kelly,2017
Cheyna Williams,2017
Havana Solaun,2017
Maya Hayes,2017
Sarah Killion,2017
Rachel Daly,2017
Beverly Yanez,2017
Lindsey Horan,2017
Poliana Poliana,2017
Chioma Ubogagu,2017
Julie Ertz,2017
Camila Camila,2017
Katlyn Johnson,2017
Francisca Ordega,2017
Alanna Kennedy,2017
Debinha Debinha,2017
Rosie White,2017
Raquel Rodriguez,2017
Jessica McDonald,2017
Kelley O'Hara,2017
Kristen Hamilton,2017
Kristie Mewis,2017
McCall Zerboni,2017
Madison Tiernan,2017
Rachel Hill,2017
Vanessa DiBernardo,2017
Jasmyne Spencer,2017
Amandine Henry,2017
Nichelle Prince,2017
Emily Sonnett,2017
Erika Tymrak,2017
Lo’eau LaBonta,2017
Jennifer Hoy,2017
Estelle Johnson,2017
Alyssa Mautz,2017
Katie Bowen,2017
Leah Galton,2017
Rose Lavelle,2017
Janine Beckie,2017
Allie Long,2017
Merritt Mathias,2017
Kristen Edmonds,2017
Kealia Ohai,2017
Carli Lloyd,2017
Alexa Newfield,2017
Andressinha Andressinha,2017
Sarah Hagen,2017
Toni Pressley,2017
Larissa Crummer,2017
Abby Erceg,2017
Mallory Weber,2017
Ashleigh Sykes,2017
Amber Brooks,2017
Tyler Lussi,2017
Kristen McNabb,2017
Christine Nairn,2017
Yael Averbuch,2017
Rumi Utsugi,2017
Casey Short,2017
Daphne Corboz,2017
Dani Weatherholt,2017
Yuki Nagasato,2017
Christina Gibbons,2017
Kiersten Dallstream,2017
Amanda DaCosta,2017
Danielle Colaprico,2017
Erica Skroski,2017
Danica Evans,2017
Estefanía Banini,2017
Whitney Church,2017
Meggie Dougherty Howard,2017
Brittany Ratcliffe,2017
Amy Rodriguez,2017
Margaret Purce,2017
Becky Sauerbrunn,2017
Arielle Ship,2017
Line Sigvardsen Jensen,2017
Julie King,2017
Lindsay Elston,2017
Taylor Smith,2017
Meredith Speck,2017
Sam Witteman,2017
Bruna Benites,2017
Rosana dos Santos Augusto,2017
Laura Alleway,2017
Jocelyn Blankenship,2017
Christina Burkenroad,2017
Steph Catley,2017
Nickolette Driesse,2017
Allysha Chapman,2017
Morgan Brian,2017
Maddy Evans,2017
Jamia Fields,2017
Monica Monica,2017
Kylie Strom,2017
Ali Krieger,2017
Tiffany Weimer,2017
Kelly Conheeney,2017
Christen Westphal,2017
Claire Falknor,2017
Caity Heap,2017
Melissa Henderson,2017
Celeste Boureille,2017
Dagný Brynjarsdóttir,2017
Meghan Cox,2017
Tobin Heath,2017
Ashley Herndon,2017
Emilie Haavi,2017
Kelli Hubly,2017
Kendall Johnson,2017
Savannah Jordan,2017
Meghan Klingenberg,2017
Taylor Comeau,2017
Emily Menges,2017
Meg Morris,2017
Cami Privett,2017
Cari Roccaro,2017
Katherine Reynolds,2017
Meleana Shim,2017
Janine van Wyk,2017
Hayley Dowd,2017
Morgan Andrews,2017
Lauren Barnes,2017
Madeline Bauer,2017
Rachel Corsie,2017
Caroline Flynn,2017
Arin Gilliland,2017
Sarah Gorden,2017
Summer Green,2017
Michaela Hahn,2017
Brooke Elby,2017
Ifeoma Onumonu,2017
Sydney Miramontez,2017
Rebecca Moros,2017
Samantha Johnson,2017
Carson Pickett,2017
Elli Reed,2017
Rebekah Stott,2017
Lauren Kaskie,2017
Brianne Reed,2017
Cassidy Benintente,2017
Mary Luba,2017
Kim DeCesare,2017
Mandy Freeman,2017
Megan Oyster,2017
Desiree Scott,2017
Natasha Kai,2017
Brittany Taylor,2017
Stephanie McCaffrey,2017
Taylor Lytle,2017
McKenzie Meehan,2017
Kayla Mills,2017
Christie Pearce,2017
Dominique Richardson,2017
Abby Dahlkemper,2017
Erin Simon,2017
Makenzy Doniak,2017
Nikki Stanton,2017
Elizabeth Eddy,2017
Yanara Aedo,2017
Lindsay Agnew,2017
Cameron Castleberry,2017
Kathleen Naughton,2017
Caprice Dydasco,2017
Cali Farquharson,2017
Tori Huster,2017
Jaelene Hinkle,2017
Kassey Kallman,2017
Alyssa Kleiner,2017
Joanna Lohman,2017
Nora Holstad Berge,2017
Yuri Kawamura,2017
Morgan Proffitt,2017
Amanda Frisbie,2017
Angela Salem,2017
Courtney Niemiec,2017
Denise O'Sullivan,2017
Katie Stengel,2017
Crystal Elaine Thomas,2017
Stephanie Ochs,2017
Shelina Zadorsky,2017
Nicole Barnhart,2017
Abby Smith,2017
Kailen Sheridan,2017
Haley Kopmeyer,2017
Adrianna Franch,2017
Stephanie Labbe,2017
Jane Campbell,2017
Alyssa Naeher,2017
Katelyn Rowland,2017
Ashlyn Harris,2017
Aubrey Bledsoe,2017
Lydia Williams,2017
DiDi Haracic,2017
Sammy Jo Prudhomme,2017
Sabrina D’Angelo,2017
Caroline Casey,2017
Madalyn Schiffel,2017
Michele Dalton,2017
Caroline Stanley,2017
Bianca Henninger,2017
Catherine Parkhill,2017
Jamie Gillis,2017
Britt Eckerstrom,2017
Elizabeth Stout,2017
Kelsey Wys,2017
Sam Kerr,2018
Lynn Williams,2018
Lindsey Horan,2018
Rachel Daly,2018
Jodie Taylor,2018
Christine Sinclair,2018
Sofia Huerta,2018
Debinha Debinha,2018
Crystal Dunn,2018
Megan Rapinoe,2018
Jessica McDonald,2018
Tobin Heath,2018
Katie Stengel,2018
Sydney Leroux,2018
Ana-Maria Crnogorcevic,2018
Kealia Ohai,2018
Alyssa Mautz,2018
Amy Rodriguez,2018
Alex Morgan,2018
Marta Marta,2018
Ashley Hatch,2018
Carli Lloyd,2018
Veronica Latsko,2018
Rachel Hill,2018
Katlyn Johnson,2018
Chioma Ubogagu,2018
Yuki Nagasato,2018
Imani Dorsey,2018
Allie Long,2018
McCall Zerboni,2018
Savannah McCaskill,2018
Samantha Mewis,2018
Merritt Mathias,2018
Kristen Hamilton,2018
Francisca Ordega,2018
Vanessa DiBernardo,2018
Beverly Yanez,2018
Thembi Kgatlana,2018
Shea Groom,2018
Kyah Simon,2018
Sarah Killion,2018
Alanna Kennedy,2018
Hayley Raso,2018
Madison Tiernan,2018
Diana Matheson,2018
Christen Press,2018
Brittany Ratcliffe,2018
Mallory Pugh,2018
Jessica Fishlock,2018
Abby Erceg,2018
Kristie Mewis,2018
Dani Weatherholt,2018
Emily Sonnett,2018
Michele Vasconcelos,2018
Linda Motlhalo,2018
Theresa Nielsen,2018
Megan Oyster,2018
Kristen Edmonds,2018
Jasmyne Spencer,2018
Rosie White,2018
Rumi Utsugi,2018
Nichelle Prince,2018
Amber Brooks,2018
Frannie Crouse,2018
Christine Nairn,2018
Toni Pressley,2018
Danielle Colaprico,2018
Taylor Comeau,2018
Lauren Kaskie,2018
Gunnhildur Yrsa Jónsdóttir,2018
Ellie Carpenter,2018
Kelley O'Hara,2018
Haley Hanson,2018
Arielle Ship,2018
Kimberly Keever,2018
Tyler Lussi,2018
Erika Tymrak,2018
Estefanía Banini,2018
Kathleen Naughton,2018
Joanna Lohman,2018
Katherine Reynolds,2018
Casey Short,2018
Emily Menges,2018
Danica Evans,2018
Nádia Gomes,2018
Monica Monica,2018
Savannah Jordan,2018
Ali Krieger,2018
Brooke Elby,2018
Camila Camila,2018
Julie Ertz,2018
Arin Gilliland,2018
Lotta Ökvist,2018
Carson Pickett,2018
Nikki Stanton,2018
Alli Murphy,2018
Clare Polkinghorne,2018
Shelina Zadorsky,2018
Emily van Egmond,2018
Elizabeth Ball,2018
Celeste Boureille,2018
Zoey Goralski,2018
Andressinha Andressinha,2018
Caitlin Foord,2018
Meleana Shim,2018
Sarah Gorden,2018
Kelli Hubly,2018
Meghan Klingenberg,2018
Allison Wetherington,2018
Joanna Boyles,2018
Meg Morris,2018
Ifeoma Onumonu,2018
Margaret Purce,2018
Janine van Wyk,2018
Allysha Chapman,2018
Angela Salem,2018
Erin Yenney,2018
Mallory Weber,2018
Sandra Yu,2018
Elizabeth Addo,2018
Morgan Andrews,2018
Yael Averbuch,2018
Lauren Barnes,2018
Madeline Bauer,2018
Steph Catley,2018
Kiersten Dallstream,2018
Abby Dahlkemper,2018
Jaycie Johnson,2018
Nahomi Kawasumi,2018
Alyssa Kleiner,2018
Kristen McNabb,2018
Lindsay Agnew,2018
Elizabeth Eddy,2018
Summer Green,2018
Jaelene Hinkle,2018
Carlin Hudson,2018
Christen Westphal,2018
Darian Jenkins,2018
Michaela Abam,2018
Janine Beckie,2018
Cassidy Benintente,2018
Eliza Bona,2018
Gabriella Cuevas,2018
Yuri Kawamura,2018
Nickolette Driesse,2018
Mandy Freeman,2018
Amanda Frisbie,2018
Christina Gibbons,2018
Kaleigh Kurtz,2018
Jennifer Hoy,2018
Morgan Brian,2018
Adriana Leon,2018
Claire Falknor,2018
Heather O'Reilly,2018
McKenzie Meehan,2018
Kayla Mills,2018
Amandine Pierre-Louis,2018
Dominique Richardson,2018
Raquel Rodriguez,2018
Erica Skroski,2018
Rebekah Stott,2018
Denise O'Sullivan,2018
Thaisa Moreno,2018
Katie Bowen,2018
Rachel Corsie,2018
Katrina Gorry,2018
Samantha Johnson,2018
Morgan Reid,2018
Maegan Kelly,2018
Lo’eau LaBonta,2018
Taylor Lytle,2018
Cari Roccaro,2018
Sydney Miramontez,2018
Rebecca Moros,2018
Meredith Speck,2018
Sarah Teegarden,2018
Michaela Hahn,2018
Becky Sauerbrunn,2018
Desiree Scott,2018
Collette Smith,2018
Ryan Williams,2018
Elise Thorsnes,2018
Chandra Eigenberger,2018
Yanara Aedo,2018
Whitney Church,2018
Zoe Clark,2018
Megan Crosson,2018
Schuyler DeBree,2018
Meggie Dougherty Howard,2018
Caprice Dydasco,2018
Mallory Eubanks,2018
Cali Farquharson,2018
Poliana Poliana,2018
Maddie Huster,2018
Tori Huster,2018
Estelle Johnson,2018
Rose Lavelle,2018
Bridget Callahan,2018
Tiffany McCarty,2018
Alexa Newfield,2018
Christine Creighton,2018
Morgan Proffitt,2018
Stephanie McCaffrey,2018
Rebecca Quinn,2018
Abby Elinsky,2018
Taylor Smith,2018
Havana Solaun,2018
Andi Sullivan,2018
Tiffany Weimer,2018
Aubrey Bledsoe,2018
Kailen Sheridan,2018
Jane Campbell,2018
Ashlyn Harris,2018
Alyssa Naeher,2018
Lydia Williams,2018
Adrianna Franch,2018
Katelyn Rowland,2018
Michelle Betos,2018
Britt Eckerstrom,2018
Abby Smith,2018
Nicole Barnhart,2018
DiDi Haracic,2018
Haley Kopmeyer,2018
Sabrina D’Angelo,2018
Emily Boyd,2018
Kelsey Wys,2018
Caroline Casey,2018
Ryann Torrero,2018
Bianca Henninger,2018
Sammy Jo Prudhomme,2018
Michele Dalton,2018
Sarah Shimer,2018
Elizabeth Stout,2018
Bella Geist,2018
Kaycee Gunion,2018
Emma Jane Proctor,2018
Becca Ritchie,2018
Morgan Ruhl,2018